{
  "hash": "b1dae381",
  "configHash": "b0461883",
  "lockfileHash": "41503f8f",
  "browserHash": "c9ad356e",
  "optimized": {
    "@angular/common": {
      "src": "../../../../../node_modules/@angular/common/fesm2022/common.mjs",
      "file": "@angular_common.js",
      "fileHash": "0caae48f",
      "needsInterop": false
    },
    "@angular/core": {
      "src": "../../../../../node_modules/@angular/core/fesm2022/core.mjs",
      "file": "@angular_core.js",
      "fileHash": "185986de",
      "needsInterop": false
    },
    "@angular/forms": {
      "src": "../../../../../node_modules/@angular/forms/fesm2022/forms.mjs",
      "file": "@angular_forms.js",
      "fileHash": "91eeb79b",
      "needsInterop": false
    },
    "@angular/platform-browser": {
      "src": "../../../../../node_modules/@angular/platform-browser/fesm2022/platform-browser.mjs",
      "file": "@angular_platform-browser.js",
      "fileHash": "e1833f90",
      "needsInterop": false
    },
    "@angular/router": {
      "src": "../../../../../node_modules/@angular/router/fesm2022/router.mjs",
      "file": "@angular_router.js",
      "fileHash": "f8400d3c",
      "needsInterop": false
    },
    "ngx-snake": {
      "src": "../../../../../node_modules/ngx-snake/fesm2020/ngx-snake.mjs",
      "file": "ngx-snake.js",
      "fileHash": "9b91df3c",
      "needsInterop": false
    }
  },
  "chunks": {
    "chunk-FW5EQUOL": {
      "file": "chunk-FW5EQUOL.js"
    },
    "chunk-ZUMKBNNC": {
      "file": "chunk-ZUMKBNNC.js"
    },
    "chunk-2CAAISBL": {
      "file": "chunk-2CAAISBL.js"
    }
  }
}